Visitor,Home,Week,Winner,HDAVE,VDAVE,HOff,VOff,HDef,VDef,HTotal,VTotal,HSpec,VSpec,log(HDAVE),log(VDAVE),14HPyth,14HEst,14HOff,14HDef,14HTotal,14VPyth,14VEst,14VOff,14VDef,14VTotal,Home Cushion,Spread,Open Spread,HWin,VWin
Steelers,@Patriots,1,NA,,,,,,,,,,,,,11.8,10.8,13.5,3,22.1,9.7,9.4,22.5,-11.3,12.1,0,-7,NA,,
Packers,@Bears,1,0,,,,,,,,,,,,,4.9,6.4,-0.1,-10.6,-13.8,11.2,10.8,24.7,1,23.3,-2,6,NA,,
Chiefs,@Texans,1,0,,,,,,,,,,,,,9.8,6.7,-6.8,6.2,-4.5,10.1,9.4,5,-1.3,10.4,-7,0,NA,,
Browns,@Jets,1,1,,,,,,,,,,,,,4.8,5.9,-11.2,-3.5,-15.5,6.9,7.2,-10.2,3,-6.7,17.5,-3.5,NA,,
Colts,@Bills,1,1,,,,,,,,,,,,,9.6,9,-11.2,15.5,10.5,10.2,8.8,-1.1,2.3,4.5,13,0,NA,,
Dolphins,@Redskins,1,0,,,,,,,,,,,,,4.5,4.4,-11.8,-9.9,-27,8.4,8.8,10.1,-0.5,3.5,-3,4,NA,,
Panthers,@Jaguars,1,0,,,,,,,,,,,,,3.6,3.3,-24.3,-1.5,-29.5,7,7.4,-4.7,1.7,-8.5,-8,3,NA,,
Seahawks,@Rams,1,1,,,,,,,,,,,,,7.1,6.1,-11.1,3.8,-3.8,11.9,12.7,16.8,16.8,31.9,6.5,3.5,NA,,
Saints,@Cardinals,1,1,,,,,,,,,,,,,8.3,7.4,-9.3,5,-6.4,7.4,7.6,10.6,-13.1,-0.9,10,-2,NA,,
Lions,@Chargers,1,1,,,,,,,,,,,,,8,8,7,-4.9,-0.6,9.2,8.7,-3.8,13.9,4.4,1.5,-3.5,NA,,
Titans,@Buccaneers,1,0,,,,,,,,,,,,,4.4,4.1,-26.3,-1.1,-28.3,3.3,4,-16.4,-11.2,-29.3,-31,-3,NA,,
Bengals,@Raiders,1,0,,,,,,,,,,,,,3.1,4.8,-19.4,-6.3,-27.4,8.6,9,-1.4,2.3,5,-17,3,NA,,
Ravens,@Broncos,1,1,,,,,,,,,,,,,11,13.3,20,13.2,29.5,10.9,11.5,9.4,4.6,21.9,1,-5,NA,,
Giants,@Cowboys,1,0,,,,,,,,,,,,,10.8,10.3,16.8,-4,13.7,7.5,7,-0.3,-4.9,-5.8,-6,-7,NA,,
Eagles,@Falcons,1,1,,,,,,,,,,,,,7.1,7.2,7.2,-15.7,-5.4,9.7,9.7,1.1,3.3,12.8,5,3,NA,,
Vikings,@49ers,1,1,,,,,,,,,,,,,7,9,-0.4,10.1,6.6,7.5,7.2,-7.4,-4.3,-8.7,20,3,NA,,
Broncos,@Chiefs,2,0,8,14.6,24.5,-49.8,6.7,58.2,33.4,14.5,2.2,6.1,3.73289634,3.786459782,10.1,9.4,5,-1.3,10.4,11,13.3,20,13.2,29.5,-10,-3,-2.5,1,1
Texans,@Panthers,2,1,-2.2,-11.1,-17.9,-4.7,39.7,-12.8,11.5,-33.9,-10.3,-16.4,3.453157121,2.912350665,7,7.4,-4.7,1.7,-8.5,9.8,6.7,-6.8,6.2,-4.5,4,-3,-3.5,1,0
49ers,@Steelers,2,1,3.7,1.9,29.1,40.9,-33.3,25,-17.6,53.6,-13.4,-12.3,3.624340933,3.446807893,9.7,9.4,22.5,-11.3,12.1,7,9,-0.4,10.1,6.6,19,-6,-6.5,0,1
Buccaneers,@Saints,2,0,-5.2,-24.1,-12.8,-79.4,-47.2,-31.9,-62.7,-104,-2.7,7.3,3.353406718,1.686398954,7.4,7.6,10.6,-13.1,-0.9,4.4,4.1,-26.3,-1.1,-28.3,-17,-10,-10.5,0,0
Lions,@Vikings,2,1,-2.8,2.1,-22.9,-6.6,-37.2,-10.9,-67,-12.4,-6.9,5.1,3.433987204,3.453157121,7.5,7.2,-7.4,-4.3,-8.7,9.2,8.7,-3.8,13.9,4.4,7.5,-2.5,-2.5,0,0
Cardinals,@Bears,2,0,-10.1,2,4.6,50.2,-44.9,8.5,-37.3,64.8,3,6.1,3.165475048,3.449987546,4.9,6.4,-0.1,-10.6,-13.8,8.3,7.4,-9.3,5,-6.4,-23,2,2,0,1
Patriots,@Bills,2,0,1.3,19.4,47.3,46.5,-1.9,-23.2,65.3,28.2,19.9,4.9,3.55820113,3.889777396,9.6,9,-11.2,15.5,10.5,11.8,10.8,13.5,3,22.1,-9,-1,-1,1,1
Chargers,@Bengals,2,1,11.3,7.2,38.6,17.6,24.3,16.1,58.3,23.4,-4.6,-10.3,3.808882247,3.602776755,8.6,9,-1.4,2.3,5,8,8,7,-4.9,-0.6,2,-3,-3.5,1,1
Titans,@Browns,2,1,-15,-5.3,-40.5,34,-18,44.4,-57.8,78.2,0.7,-0.2,2.93385687,3.186352633,6.9,7.2,-10.2,3,-6.7,3.3,4,-16.4,-11.2,-29.3,13,-1,-4,0,1
Falcons,@Giants,2,0,-3.3,2.5,-5.5,-2.1,-6,-3.4,-1.8,0.5,9.7,6,3.417726684,3.465735903,7.5,7,-0.3,-4.9,-5.8,7.1,7.2,7.2,-15.7,-5.4,6,-2,-2,0,1
Rams,@Redskins,2,1,-19.5,8.5,-8.9,3.7,8.5,15.3,-20.2,15.2,-19.8,-3.8,2.660259537,3.63758616,4.5,4.4,-11.8,-9.9,-27,7.1,6.1,-11.1,3.8,-3.8,17,3,3,0,1
Dolphins,@Jaguars,2,1,-17.6,-2.7,-36.3,-5.1,23.1,2.4,-28,8.3,-14.8,11,2.785011242,3.288401888,3.6,3.3,-24.3,-1.5,-29.5,8.4,8.8,10.1,-0.5,3.5,8,5,4,0,1
Ravens,@Raiders,2,1,-16.2,3.1,-40.5,-57.4,-29.4,41,-68.7,-10,1.2,6.4,2.867898902,3.484312288,3.1,4.8,-19.4,-6.3,-27.4,10.9,11.5,9.4,4.6,21.9,10,6,6,0,0
Cowboys,@Eagles,2,0,2.6,1.2,0.5,2.7,-3.2,-0.5,-11.3,-0.2,-8.6,-2.4,3.594568775,3.424262655,9.7,9.7,1.1,3.3,12.8,10.8,10.3,16.8,-4,13.7,-16.5,-6.5,-5,0,1
Seahawks,@Packers,2,1,13.3,17.9,54.5,-19.4,-4.2,-14.3,55.9,-32.6,5.6,1.1,3.852273001,3.858622229,11.2,10.8,24.7,1,23.3,11.9,12.7,16.8,16.8,31.9,7,-3,-3.5,1,0
Jets,@Colts,2,0,0.5,5.6,10.9,22.8,-33.9,35.2,-41.4,56.5,-18.4,-1.5,3.535145354,3.55820113,10.2,8.8,-1.1,2.3,4.5,4.8,5.9,-11.2,-3.5,-15.5,-19,-6,-6.5,0,1
Redskins,@Giants,3,1,-3.3,-13.2,-3.2,1.3,-12.4,14.7,-3.4,6.1,12.2,-9.9,3.417726684,2.791165108,7.5,7,-0.3,-4.9,-5.8,4.5,4.4,-11.8,-9.9,-27,8,-3,-4,0,0.5
Falcons,@Cowboys,3,0,-3.6,5.6,-8.3,13.8,16.9,-0.6,8.9,13.4,0.3,0.2,3.407841924,3.55820113,10.8,10.3,16.8,-4,13.7,7.1,7.2,7.2,-15.7,-5.4,-12,-1,0,1,1
Colts,@Titans,3,1,-6.3,-4.7,5.3,-17.4,26.9,-6.6,17.6,-35.2,-14.6,-11.2,3.314186005,3.210843653,3.3,4,-16.4,-11.2,-29.3,10.2,8.8,-1.1,2.3,4.5,-1,3,3,0.5,0
Raiders,@Browns,3,0,-9,-12.9,-20.8,2.2,-1.1,-28.3,-6.3,-21.2,15.6,4.9,3.210843653,2.809402695,6.9,7.2,-10.2,3,-6.7,3.1,4.8,-19.4,-6.3,-27.4,-10.5,-3.5,-4,0.5,0.5
Bengals,@Ravens,3,0,3.2,14.8,-6.1,30,-1.6,13,-1.8,39.9,5.9,-3.1,3.610917913,3.790984677,10.9,11.5,9.4,4.6,21.9,8.6,9,-1.4,2.3,5,-6,-2,-2.5,0,1
Jaguars,@Patriots,3,1,23.1,-13.6,35.2,-9.6,-6.7,8.5,35.6,-5.7,7.1,-4.6,4.041295341,2.766319109,11.8,10.8,13.5,3,22.1,3.6,3.3,-24.3,-1.5,-29.5,20,-14,-13,1,0.5
Saints,@Panthers,3,0,3.4,-12.9,-5.7,-17.5,37.9,-24.7,23.9,-53,-8.3,-10.8,3.616308761,2.809402695,7,7.4,-4.7,1.7,-8.5,7.4,7.6,10.6,-13.1,-0.9,5,-10,-3,1,0
Eagles,@Jets,3,0,11,-2.7,4.8,-16.6,39.1,1.8,43.3,-24.4,-0.6,-9.6,3.802208139,3.288401888,4.8,5.9,-11.2,-3.5,-15.5,9.7,9.7,1.1,3.3,12.8,-10,-3,0,1,0
Buccaneers,@Texans,3,1,-12.6,-21.7,-19,-46.2,-6.4,-3.5,-34.7,-42.1,-9.3,7.6,3.054001182,2.054123734,9.8,6.7,-6.8,6.2,-4.5,4.4,4.1,-26.3,-1.1,-28.3,4,-6,-7,0,0.5
Chargers,@Vikings,3,1,-1.2,3.4,-5.7,10.6,-12.6,-6.1,-18.9,-4.7,-0.6,-9.2,3.484312288,3.493472658,7.5,7.2,-7.4,-4.3,-8.7,8,8,7,-4.9,-0.6,15,-2,-3,0.5,0.5
Steelers,@Rams,3,0,5.7,15.9,-8.5,55.4,4.5,-10,-1.1,40.3,2.9,-5.1,3.676300672,3.815512105,7.1,6.1,-11.1,3.8,-3.8,9.7,9.4,22.5,-11.3,12.1,-7,-1,-1,0.5,0.5
49ers,@Cardinals,3,1,17.8,-11,59.3,0.3,13.6,-26.3,85.2,-33.6,12.3,-7.6,3.943521672,2.917770732,8.3,7.4,-9.3,5,-6.4,7,9,-0.4,10.1,6.6,33,-7,-6.5,1,0.5
Bills,@Dolphins,3,0,-1.6,-2.8,3.8,12.2,-0.7,-14.4,4.6,5.3,1.5,7.5,3.471966453,3.284663565,8.4,8.8,10.1,-0.5,3.5,9.6,9,-11.2,15.5,10.5,-27,0,-3,0.5,0.5
Bears,@Seahawks,3,1,13,-23.1,-5.6,-15.9,-16.6,-48.1,-18,-69,4.2,-5,3.845883203,1.85629799,11.9,12.7,16.8,16.8,31.9,4.9,6.4,-0.1,-10.6,-13.8,10,-16,-15,0,0
Broncos,@Lions,3,0,-0.3,17.8,-4.1,-32.2,-8.8,48.1,-13.3,26.3,-0.4,10.4,3.511545439,3.856510295,9.2,8.7,-3.8,13.9,4.4,11,13.3,20,13.2,29.5,-9,3,3,0,1
Chiefs,@Packers,3,1,15.5,5.7,35.9,-11.5,-6.8,14,35.8,6.3,6.7,3.8,3.897924081,3.561046083,11.2,10.8,24.7,1,23.3,10.1,9.4,5,-1.3,10.4,5,-5,-6.5,1,0.5
Ravens,@Steelers,4,NA,11.6,-1,32.8,-4.8,-3.7,-7.3,24.8,-9.8,-4.3,2.3,3.815512105,3.349904087,9.7,9.4,22.5,-11.3,12.1,10.9,11.5,9.4,4.6,21.9,0,3,2,0.667,0
Jets,@Dolphins,4,0,-13.3,7.5,-17.3,-11.9,-11.3,34.5,-27.9,18.5,0.7,-4.1,3.020424886,3.610917913,8.4,8.8,10.1,-0.5,3.5,4.8,5.9,-11.2,-3.5,-15.5,-10,3,-1,0.333,0.667
Jaguars,@Colts,4,0,-2.7,-21.4,-8.7,-11.2,-1.5,-15.7,-14.8,-29.3,-4.6,-2.4,3.437207819,2.091864062,10.2,8.8,-1.1,2.3,4.5,3.6,3.3,-24.3,-1.5,-29.5,-1,-4,-8.5,0.333,0.333
Giants,@Bills,4,0,8.2,0.3,26.5,6.9,-0.1,-3.2,28.8,5.5,2.4,1.8,3.737669618,3.394508394,9.6,9,-11.2,15.5,10.5,7.5,7,-0.3,-4.9,-5.8,-20.5,-6.5,-5.5,0.667,0.333
Panthers,@Buccaneers,4,0,-23.9,6.1,-38.4,10.7,2.1,21,-37.5,20.3,-1.2,-11.4,2.292534757,3.572345638,4.4,4.1,-26.3,-1.1,-28.3,7,7.4,-4.7,1.7,-8.5,-11,3,3,0.333,1
Eagles,@Redskins,4,1,-13.3,1.7,-4,-18.3,0.9,17.4,-3.8,-2.5,-0.7,-1.6,3.020424886,3.440418095,4.5,4.4,-11.8,-9.9,-27,9.7,9.7,1.1,3.3,12.8,6,3,3,0.667,0.333
Raiders,@Bears,4,1,-32.8,-4,-21.6,12.8,-36,-11.4,-70.2,5.1,-12.6,3.7,0,3.238678452,4.9,6.4,-0.1,-10.6,-13.8,3.1,4.8,-19.4,-6.3,-27.4,5,3,2,0,0.667
Texans,@Falcons,4,1,7.7,-15.5,23.2,-17,-9.8,-1.2,14.7,-30.9,1.3,-12.7,3.725693427,2.63905733,7.1,7.2,7.2,-15.7,-5.4,9.8,6.7,-6.8,6.2,-4.5,17,-4,-5,1,0.333
Chiefs,@Bengals,4,1,18.2,-2.3,26.5,-13.7,11.8,-2.5,36,-13.9,-2.3,2.3,3.951243719,3.303216973,8.6,9,-1.4,2.3,5,10.1,9.4,5,-1.3,10.4,11.5,-3.5,-4,1,0.333
Browns,@Chargers,4,0,-3.8,-15.2,-3.5,-22.9,-7.2,-10.8,-18.5,-23.1,-7.8,10.6,3.401197382,2.660259537,8,8,7,-4.9,-0.6,6.9,7.2,-10.2,3,-6.7,-1.5,-4.5,-7,0.333,0.333
Packers,@49ers,4,0,-22.7,25.7,-21.9,42.8,-25.3,3.2,-51.4,51,-4.2,5,2.406945108,4.010962953,7,9,-0.4,10.1,6.6,11.2,10.8,24.7,1,23.3,-7,7,7,0.333,1
Rams,@Cardinals,4,0,27.7,4.6,37.8,-11.8,32.3,8.1,76.4,-0.5,6.3,3.2,4.119037175,3.529297384,8.3,7.4,-9.3,5,-6.4,7.1,6.1,-11.1,3.8,-3.8,-9,-7,-6,1,0.333
Vikings,@Broncos,4,0,18.1,3.1,-24.3,3,39.6,-3.8,23,0.7,7.7,1.5,3.94931879,3.484312288,11,13.3,20,13.2,29.5,7.5,7.2,-7.4,-4.3,-8.7,-4,-7,-7,1,0.667
Cowboys,@Saints,4,1,-12.7,-4.3,-4.9,4.1,-26.4,-3.8,-32.4,0.9,-1.1,0.6,3.04927304,3.226843995,7.4,7.6,10.6,-13.1,-0.9,10.8,10.3,16.8,-4,13.7,3,-3,-3,0,0.667
Lions,@Seahawks,4,0,17.3,-5,-4.1,-14.9,-3.4,-4.8,8.3,-18.4,15.8,1.3,3.933784497,3.198673118,11.9,12.7,16.8,16.8,31.9,9.2,8.7,-3.8,13.9,4.4,-7,-10,-9,0.333,0
Colts,@Texans,5,0,-25.1,-4.6,-19.4,-8.3,-9.9,-4.2,-41.3,-12.8,-12,-0.3,2.163323026,3.214867803,9.8,6.7,-6.8,6.2,-4.5,10.2,8.8,-1.1,2.3,4.5,-11,-4,0,0.25,0.5
Bears,@Chiefs,5,0,-6.6,-25.9,-3.3,-13.6,-17.8,-18,-16.7,-41.5,4.4,-9.9,3.303216973,1.280933845,10.1,9.4,5,-1.3,10.4,4.9,6.4,-0.1,-10.6,-13.8,-10,-9,-10,0.25,0.25
Seahawks,@Bengals,5,NA,25,16.1,36.5,-6,5.7,0.9,40.3,9.8,-1.9,14.9,4.074141855,3.819907717,8.6,9,-1.4,2.3,5,11.9,12.7,16.8,16.8,31.9,0,-3,-3,1,0.5
Redskins,@Falcons,5,0,11.5,-9.5,23.7,1.1,-7.6,-1.5,18.6,-1.2,2.5,-0.8,3.813307032,2.995732274,7.1,7.2,7.2,-15.7,-5.4,4.5,4.4,-11.8,-9.9,-27,-1,-7,-8,1,0.5
Jaguars,@Buccaneers,5,1,-26.9,-16.1,-33.4,-7,0.9,-3.5,-36.6,-15.9,-4.1,-5.4,1.931521412,2.595254707,4.4,4.1,-26.3,-1.1,-28.3,3.6,3.3,-24.3,-1.5,-29.5,6,-1,-3,0.25,0.25
Saints,@Eagles,5,1,2,-7.4,-13,5.9,14.1,-20.9,0.1,-14.5,-1,0.5,3.577947893,3.095577609,9.7,9.7,1.1,3.3,12.8,7.4,7.6,10.6,-13.1,-0.9,15.5,-6.5,-5,0.25,0.25
Browns,@Ravens,5,0,3.7,-12.1,-4.8,-12.2,1.9,-13.7,2.2,-13.7,5.1,12.2,3.624340933,2.856470206,10.9,11.5,9.4,4.6,21.9,6.9,7.2,-10.2,3,-6.7,-9.5,-6.5,-6.5,0.25,0.25
Rams,@Packers,5,1,27.3,7.2,31.1,-6,9,7.6,42.5,6.7,2.4,5.1,4.112511866,3.602776755,11.2,10.8,24.7,1,23.3,7.1,6.1,-11.1,3.8,-3.8,5,-9,-10,1,0.5
Bills,@Titans,5,0,-8,6.5,1.4,10.8,9.5,5,1.6,16.3,-9.3,0.5,3.250374492,3.583518938,3.3,4,-16.4,-11.2,-29.3,9.6,9,-11.2,15.5,10.5,-1,0,3,0.333,0.5
Cardinals,@Lions,5,0,-5.3,25.2,-7.9,22.7,-5,23.2,-12.8,49.8,0.1,3.9,3.349904087,4.001863709,9.2,8.7,-3.8,13.9,4.4,8.3,7.4,-9.3,5,-6.4,-20,5,3,0,0.75
Patriots,@Cowboys,5,0,-2.6,32.2,4.6,44.7,-6.7,0.1,-3.5,52.1,-1.4,7.3,3.440418095,4.122283931,10.8,10.3,16.8,-4,13.7,11.8,10.8,13.5,3,22.1,-15,8,7,0.5,1
Broncos,@Raiders,5,0,-3.8,15.9,2.9,-23.8,-7.8,33.2,1.5,16.9,6.4,7.5,3.401197382,3.815512105,3.1,4.8,-19.4,-6.3,-27.4,11,13.3,20,13.2,29.5,-0.5,5.5,5.5,0.5,1
49ers,@Giants,5,0,4.1,-28.5,-0.4,-25.8,6.8,-17.1,10.2,-48.9,3.8,-6,3.634951112,0,7.5,7,-0.3,-4.9,-5.8,7,9,-0.4,10.1,6.6,-4.5,-7.5,-7,0.5,0.25
Steelers,@Chargers,5,0,-4.6,11.6,2.7,20.9,-8,1.3,-13.3,17.7,-8,-4.5,3.374168709,3.716008122,8,8,7,-4.9,-0.6,9.7,9.4,22.5,-11.3,12.1,-8,-4,-3.5,0.5,0.5
Falcons,@Saints,6,1,-12.9,7.2,4.3,13.1,-21.8,-2.8,-18.4,8.7,-0.9,-1.6,3.039749159,3.602776755,7.4,7.6,10.6,-13.1,-0.9,7.1,7.2,7.2,-15.7,-5.4,13,3,3,0.2,1
Redskins,@Jets,6,1,9.3,-3,-4.2,-2.5,26.7,5.4,15.6,2.7,-6.9,-0.2,3.763522997,3.277144733,4.8,5.9,-11.2,-3.5,-15.5,4.5,4.4,-11.8,-9.9,-27,6.5,-7,-5.5,0.75,0.4
Cardinals,@Steelers,6,1,14.6,36.2,20.7,25.2,0.2,22.2,18.5,51.5,-2.4,4.1,3.879499814,4.185098925,9.7,9.4,22.5,-11.3,12.1,8.3,7.4,-9.3,5,-6.4,17.5,5,3,0.6,0.8
Chiefs,@Vikings,6,1,-4.2,-8.7,-4.3,-0.5,-5.9,-16,-10.8,-13.7,-0.6,2.8,3.387774361,3.034952987,7.5,7.2,-7.4,-4.3,-8.7,10.1,9.4,5,-1.3,10.4,3,-3,-3.5,0.5,0.2
Bengals,@Bills,6,0,9.5,25.1,7.9,30.2,7.3,1.5,15.4,32.3,0.2,0.6,3.768152635,4.000033883,9.6,9,-11.2,15.5,10.5,8.6,9,-1.4,2.3,5,-10,3,-1,0.6,1
Bears,@Lions,6,0,-18.7,-24.3,-14.8,-9.3,-12,-14.7,-26.9,-30.7,-0.1,-6.7,2.714694744,1.648658626,9.2,8.7,-3.8,13.9,4.4,4.9,6.4,-0.1,-10.6,-13.8,-0.5,-3.5,-3,0,0.4
Broncos,@Browns,6,NA,-8,12.2,-3.3,-26.7,-14.1,31.9,-7.6,11.1,9.8,5.9,3.250374492,3.730501129,6.9,7.2,-10.2,3,-6.7,11,13.3,20,13.2,29.5,0,3,4.5,0.4,1
Texans,@Jaguars,6,0,-17,-28.2,-2.7,-14.1,-8.2,-12.2,-17.2,-36.7,-6.3,-10.4,2.821378886,0.2623642645,3.6,3.3,-24.3,-1.5,-29.5,9.8,6.7,-6.8,6.2,-4.5,-14,-3,0,0.2,0.2
Dolphins,@Titans,6,0,-4.1,-18.9,-2,-13.3,12.6,-17.9,3.7,-28.5,-6.9,2.7,3.391147046,2.360854001,3.3,4,-16.4,-11.2,-29.3,8.4,8.8,10.1,-0.5,3.5,-31,-3,-3,0.25,0.25
Panthers,@Seahawks,6,0,15.3,4.7,-1,0.6,1.7,19.2,11.7,10,11,-9.8,3.893859035,3.532225644,11.9,12.7,16.8,16.8,31.9,7,7.4,-4.7,1.7,-8.5,-11,-7,-6.5,0.4,1
Chargers,@Packers,6,0,32.5,-4.8,20.1,4.1,19.3,-6.8,41.2,-8.6,1.8,-5.9,4.194189897,3.206803244,11.2,10.8,24.7,1,23.3,8,8,7,-4.9,-0.6,-3.5,-10.5,-9.5,1,0.4
Ravens,@49ers,6,1,-31.3,1.8,-15.4,-0.9,-21,-4.6,-40.8,0.3,-4.4,5.8,0.9162907319,3.443618098,7,9,-0.4,10.1,6.6,10.9,11.5,9.4,4.6,21.9,7.5,2.5,3,0.2,0.2
Patriots,@Colts,6,1,-6.6,41.3,-5.5,38.1,-7.6,8.7,-11.1,55.9,2,9.1,3.303216973,4.259859001,10.2,8.8,-1.1,2.3,4.5,11.8,10.8,13.5,3,22.1,1.5,8.5,7,0.6,1
Giants,@Eagles,6,1,7.7,10.4,-5,9.8,12.8,1.6,8.8,15.3,1,3.9,3.725693427,3.686376324,9.7,9.7,1.1,3.3,12.8,7.5,7,-0.3,-4.9,-5.8,16.5,-3.5,-4,0.4,0.6
Seahawks,@49ers,7,0,-30.2,14.5,-13,1.3,-19.1,1.1,-36.3,12,-4.2,9.6,,,7,9,-0.4,10.1,6.6,11.9,12.7,16.8,16.8,31.9,-10.5,6.5,4,0.333,0.333
Bills,@Jaguars,7,1,-21.2,9.7,-6.2,12.4,-9.8,1.6,-22.1,13.4,-6.1,-0.6,,,3.6,3.3,-24.3,-1.5,-29.5,9.6,9,-11.2,15.5,10.5,6,3,4,0.167,0.5
Buccaneers,@Redskins,7,0,-6.1,-21.7,-4.1,-22.7,0.6,-1.4,-2.8,-24.6,0.7,-0.5,,,4.5,4.4,-11.8,-9.9,-27,4.4,4.1,-26.3,-1.1,-28.3,-2,-3,-4,0.333,0.4
Falcons,@Titans,7,1,-13.8,-0.9,-12.5,8.8,3.2,-5.9,-13.2,-1.6,-3.9,-4.5,,,3.3,4,-16.4,-11.2,-29.3,7.1,7.2,7.2,-15.7,-5.4,2.5,6,4,0.2,0.833
Saints,@Colts,7,0,-4.1,-12.4,-1.2,6.8,-6.6,-19.3,-6.5,-16.1,1.3,-3.6,,,10.2,8.8,-1.1,2.3,4.5,7.4,7.6,10.6,-13.1,-0.9,-10,-6,-5.5,0.5,0.333
Vikings,@Lions,7,0,-19.6,-13.4,-11.3,-15.3,-12.2,-5.4,-25,-20.3,-1.5,0.4,,,9.2,8.7,-3.8,13.9,4.4,7.5,7.2,-7.4,-4.3,-8.7,-8,0,-1,0.167,0.6
Steelers,@Chiefs,7,1,-2.5,17.4,-0.6,19.8,-7.3,0.4,-4.3,20.9,3.6,0.7,,,10.1,9.4,5,-1.3,10.4,9.7,9.4,22.5,-11.3,12.1,7,-3,-2,0.167,0.667
Browns,@Rams,7,1,-0.6,-8.3,-20,-6.9,14.4,-10,-3.7,-7.8,1.9,9.1,,,7.1,6.1,-11.1,3.8,-3.8,6.9,7.2,-10.2,3,-6.7,12,-6,-5.5,0.4,0.333
Texans,@Dolphins,7,1,-8.7,-21.8,-4.4,-10.2,-8,-7,-10.5,-25.9,1.9,-8.7,,,8.4,8.8,10.1,-0.5,3.5,9.8,6.7,-6.8,6.2,-4.5,14,-5,-5.5,0.4,0.333
Jets,@Patriots,7,NA,37.5,19.6,32.8,5.4,3.7,29.4,44.4,26.9,7.9,-7.9,,,11.8,10.8,13.5,3,22.1,4.8,5.9,-11.2,-3.5,-15.5,0,-7,-9,1,0.8
Raiders,@Chargers,7,0,-5.6,-4.7,6.7,-2.5,-8.7,-3.9,-8.3,-2.9,-6.3,3.5,,,8,8,7,-4.9,-0.6,3.1,4.8,-19.4,-6.3,-27.4,-11.5,-3.5,-5.5,0.333,0.4
Cowboys,@Giants,7,1,2,-11.3,-0.9,-6.1,1.5,-6.8,3.2,-14.5,2.6,-1.6,,,7.5,7,-0.3,-4.9,-5.8,10.8,10.3,16.8,-4,13.7,4,-3,-6,0.5,0.4
Eagles,@Panthers,7,1,7.1,15.2,2.1,-5.1,15.9,20.7,11.1,17.1,-6.9,1.5,,,7,7.4,-4.7,1.7,-8.5,9.7,9.7,1.1,3.3,12.8,8,-3,-3.5,1,0.5
Ravens,@Cardinals,7,0,35.4,0.7,23.6,-1.6,19.9,-5.2,45.3,-0.5,1.8,6.3,,,8.3,7.4,-9.3,5,-6.4,10.9,11.5,9.4,4.6,21.9,-2,-10,-7,0.667,0.167
Dolphins,@Patriots,8,1,35.5,1.9,30.6,4.6,0.7,-2.7,39.7,2.2,8.4,0.3,,,11.8,10.8,13.5,3,22.1,8.4,8.8,10.1,-0.5,3.5,21,-8,-7.5,,
Lions,@Chiefs,8,1,2.4,-21.1,3.4,-10.6,-5.1,-12.5,2,-23.5,3.7,-0.4,,,10.1,9.4,5,-1.3,10.4,9.2,8.7,-3.8,13.9,4.4,32,-3,-6,,
Buccaneers,@Falcons,8,0,-1.2,-17.3,6.6,-12.4,-3.7,-6,-1.3,-18.5,-4.2,-0.1,,,7.1,7.2,7.2,-15.7,-5.4,4.4,4.1,-26.3,-1.1,-28.3,-11,-8,-7,,
Cardinals,@Browns,8,0,-14.1,34.7,-9.3,23.8,-12.2,17.4,-14.5,39.2,7,-2,,,6.9,7.2,-10.2,3,-6.7,8.3,7.4,-9.3,5,-6.4,-7,7,5,,
49ers,@Rams,8,1,3.1,-33.8,-16.5,-17.9,16.9,-16.6,1.9,-36.9,1.5,-2.4,,,7.1,6.1,-11.1,3.8,-3.8,7,9,-0.4,10.1,6.6,13.5,-7.5,-9,,
Giants,@Saints,8,NA,-8.7,5.1,6.5,0.3,-14.3,0,-9.9,6,-2.1,5.7,,,7.4,7.6,10.6,-13.1,-0.9,7.5,7,-0.3,-4.9,-5.8,0,-3,-3,,
Vikings,@Bears,8,0,-19.8,-15.9,-6.4,-14.7,-13.1,-6.2,-23.5,-20.4,-4,0.5,,,4.9,6.4,-0.1,-10.6,-13.8,7.5,7.2,-7.4,-4.3,-8.7,-1.5,1.5,2.5,,
Chargers,@Ravens,8,0,-1.7,-14.5,-1.8,3.6,-6.2,-13.4,-2.5,-16.6,5.5,-6.8,,,10.9,11.5,9.4,4.6,21.9,8,8,7,-4.9,-0.6,-1.5,-4.5,-3.5,,
Bengals,@Steelers,8,0,11.2,28.9,14.7,32.7,-2.9,-2.1,12.2,34.1,0.4,3.5,,,9.7,9.4,22.5,-11.3,12.1,8.6,9,-1.4,2.3,5,-6,0,2,,
Titans,@Texans,8,1,-29.5,-12.7,-14.4,-15.4,-10.3,6.1,-31.7,-12.1,-7,-2.8,,,9.8,6.7,-6.8,6.2,-4.5,3.3,4,-16.4,-11.2,-29.3,10.5,-3.5,-4.5,,
Jets,@Raiders,8,1,1.9,23.2,3.1,7.1,-2.2,27.6,4.6,28.2,3.7,-6.5,,,3.1,4.8,-19.4,-6.3,-27.4,4.8,5.9,-11.2,-3.5,-15.5,17,3,2,,
Seahawks,@Cowboys,8,1,-14.1,18.2,-4.4,2.7,-7.2,7,-16.8,17.7,-5.2,8,,,10.8,10.3,16.8,-4,13.7,11.9,12.7,16.8,16.8,31.9,3,4,6,,
Packers,@Broncos,8,1,7.7,33.1,-28.4,21.8,31.9,14.4,6.2,39,2.7,2.8,,,11,13.3,20,13.2,29.5,11.2,10.8,24.7,1,23.3,21.5,2.5,3,,
Colts,@Panthers,8,0,12.6,-8.8,4.7,-4.5,16.8,-5.3,16.2,-10.2,-5.3,-0.4,,,7,7.4,-4.7,1.7,-8.5,10.2,8.8,-1.1,2.3,4.5,-2,-5,-7,,
Browns,@Bengals,9,1,30.1,-12.9,24.2,-10,1.8,-8.6,30.4,-13,4.4,5.6,,,8.6,9,-1.4,2.3,5,6.9,7.2,-10.2,3,-6.7,8,-13,-10.5,,
Packers,@Panthers,9,1,18.4,24.5,2.2,16.5,20.6,6,18.2,25,-4.6,2.5,,,7,7.4,-4.7,1.7,-8.5,11.2,10.8,24.7,1,23.3,10,2,1.5,,
Redskins,@Patriots,9,1,40.4,-5.7,29.5,-0.2,2.2,-6.3,40.5,-5.6,8.8,0.9,,,11.8,10.8,13.5,3,22.1,4.5,4.4,-11.8,-9.9,-27,3.5,-13.5,-13.5,,
Titans,@Saints,9,0,-8,-17.9,11.8,-21.1,-16.9,6,-8.1,-17.5,-3,-2.4,,,7.4,7.6,10.6,-13.1,-0.9,3.3,4,-16.4,-11.2,-29.3,-12.5,-6.5,-7,,
Dolphins,@Bills,9,1,4.2,-8.3,3.6,-2.9,-0.4,-5.3,4.5,-9,1.3,-0.8,,,9.6,9,-11.2,15.5,10.5,8.4,8.8,10.1,-0.5,3.5,12.5,-3.5,-3,,
Rams,@Vikings,9,1,-17.4,4.7,-14.4,-14.5,-6.9,19,-17.3,4.8,4,0.3,,,7.5,7.2,-7.4,-4.3,-8.7,7.1,6.1,-11.1,3.8,-3.8,2,-1,-3,,
Jaguars,@Jets,9,0,22.9,-15.3,9.4,-4.1,18.6,-4.8,22.8,-15.2,-5.2,-6.3,,,4.8,5.9,-11.2,-3.5,-15.5,3.6,3.3,-24.3,-1.5,-29.5,-2.5,-7.5,-7.5,,
Raiders,@Steelers,9,0,13.8,15.4,12.9,13.9,2,-1.3,13.9,14.9,-1,2.3,,,9.7,9.4,22.5,-11.3,12.1,3.1,4.8,-19.4,-6.3,-27.4,-3,-6,-6,,
Giants,@Buccaneers,9,0,-15.7,2.1,-9.5,3,-6.3,-7.2,-16.3,2.2,-0.5,6.4,,,4.4,4.1,-26.3,-1.1,-28.3,7.5,7,-0.3,-4.9,-5.8,-12.5,1.5,1.5,,
Falcons,@49ers,9,1,-38.7,-5.4,-20.3,3.8,-16.6,-5,-39,-5,-2.1,-3.8,,,7,9,-0.4,10.1,6.6,7.1,7.2,7.2,-15.7,-5.4,10,9,3,,
Broncos,@Colts,9,1,-10.7,21.3,-8.6,-17.3,-2.7,36,-10.9,21,0.4,2.3,,,10.2,8.8,-1.1,2.3,4.5,11,13.3,20,13.2,29.5,6,3,3,,
Eagles,@Cowboys,9,0,-15.9,13.2,-8.1,-7.6,-3.2,19.9,-15.6,12.9,-4.3,0.6,,,10.8,10.3,16.8,-4,13.7,9.7,9.7,1.1,3.3,12.8,-3,3,1.5,,
Bears,@Chargers,9,0,-13.1,-22.7,6.3,-4.1,-13.7,-12.1,-13.3,-23,-5.9,-6.8,,,8,8,7,-4.9,-0.6,4.9,6.4,-0.1,-10.6,-13.8,-6.5,-3.5,-4.5,,
Bills,@Jets,10,0,19.1,8,4.9,9.7,17.6,-2.7,19.7,9.2,-2.8,2.2,,,4.8,5.9,-11.2,-3.5,-15.5,9.6,9,-11.2,15.5,10.5,-7.5,-2.5,-3,,
Lions,@Packers,10,0,17,-32.7,14.3,-16.1,3.1,-14.5,18.7,-32.5,1.3,-1.9,,,11.2,10.8,24.7,1,23.3,9.2,8.7,-3.8,13.9,4.4,-12,-10,-12,,
Cowboys,@Buccaneers,10,1,-10.7,-12.9,-8.9,-4.2,-2.9,-7,-14.1,-12.9,-2.3,-1.7,,,4.4,4.1,-26.3,-1.1,-28.3,10.8,10.3,16.8,-4,13.7,5,1,-1,,
Panthers,@Titans,10,0,-17,22.4,-16.8,5.4,5,21.1,-13.7,21.6,-1.9,-4.9,,,3.3,4,-16.4,-11.2,-29.3,7,7.4,-4.7,1.7,-8.5,-13,4,6,,
Bears,@Rams,10,0,3.3,-21.2,-15,-3.2,17.5,-10.8,3.6,-21.6,1.1,-7.6,,,7.1,6.1,-11.1,3.8,-3.8,4.9,6.4,-0.1,-10.6,-13.8,-31,-7,-8,,
Saints,@Redskins,10,1,-8.1,-11.3,-4.2,11.4,-5.8,-19.4,-8.8,-11.7,1.2,-3.7,,,4.5,4.4,-11.8,-9.9,-27,7.4,7.6,10.6,-13.1,-0.9,34.5,1.5,1,,
Dolphins,@Eagles,10,0,14,-8.9,-4.5,2.7,17.2,-10,13,-9.1,0.3,-1.8,,,9.7,9.7,1.1,3.3,12.8,8.4,8.8,10.1,-0.5,3.5,-6.5,-5.5,-6,,
Browns,@Steelers,10,1,17.1,-16.1,15.6,-11.8,2.7,-9.6,16.8,-16.8,-1.5,4.6,,,9.7,9.4,22.5,-11.3,12.1,6.9,7.2,-10.2,3,-6.7,14,-7,-4.5,,
Jaguars,@Ravens,10,0,-3.7,-9,-1.6,-2.8,-8.2,-0.8,-3.3,-9.1,6.5,-5.5,,,10.9,11.5,9.4,4.6,21.9,3.6,3.3,-24.3,-1.5,-29.5,-7,-5,-6,,
Vikings,@Raiders,10,0,13.3,-12.4,12.9,-13.2,-4.1,-5.4,10.7,-14.9,1.9,3.7,,,3.1,4.8,-19.4,-6.3,-27.4,7.5,7.2,-7.4,-4.3,-8.7,-19,-3,-3,,
Patriots,@Giants,10,1,0.6,39.7,-1.9,25.2,-4.6,7.3,0.5,40,7,7.5,,,7.5,7,-0.3,-4.9,-5.8,11.8,10.8,13.5,3,22.1,6,7,7,,
Chiefs,@Broncos,10,0,17.4,12.9,-17.5,7.7,29.1,-0.5,16.4,12.3,4.8,5.1,,,11,13.3,20,13.2,29.5,10.1,9.4,5,-1.3,10.4,-19.5,-3.5,-7,,
Cardinals,@Seahawks,10,0,15.5,34.7,-0.9,19.3,8.4,18.4,14,36.2,6.5,-1.5,,,11.9,12.7,16.8,16.8,31.9,8.3,7.4,-9.3,5,-6.4,-10,-3,-3,,
Texans,@Bengals,10,0,28.5,-22.9,23.2,-12.6,3.7,-4.6,30,-23.5,3.1,-6.3,,,8.6,9,-1.4,2.3,5,9.8,6.7,-6.8,6.2,-4.5,-14,-10,-12,,
Titans,@Jaguars,11,1,-13.8,-18.4,-5.1,-16.4,-2.5,2,-13.1,-16.9,-5.5,-2.5,,,3.6,3.3,-24.3,-1.5,-29.5,3.3,4,-16.4,-11.2,-29.3,3,-3,-3,,
Raiders,@Lions,11,1,-21.8,6.1,-14.2,11.9,-9.5,-6.7,-22.1,4.2,1.6,-1,,,9.2,8.7,-3.8,13.9,4.4,3.1,4.8,-19.4,-6.3,-27.4,6,1,0,,
Colts,@Falcons,11,0,-6,-8,1.5,-4.5,-5,-3,-5.1,-8.7,-1.6,-1.2,,,7.1,7.2,7.2,-15.7,-5.4,10.2,8.8,-1.1,2.3,4.5,-6.5,-3.5,-5.5,,
Jets,@Texans,11,1,-16.1,15.4,-11.4,3,-0.2,16.9,-16.5,16.4,-4.9,-3.5,,,9.8,6.7,-6.8,6.2,-4.5,4.8,5.9,-11.2,-3.5,-15.5,11,4,3,,
Buccaneers,@Eagles,11,0,11.1,-11.1,-7.1,-10,17.4,-0.3,9,-13.8,-1.3,-3.5,,,9.7,9.7,1.1,3.3,12.8,4.4,4.1,-26.3,-1.1,-28.3,-35,-7,-4,,
Broncos,@Bears,11,1,-13.1,9.7,0.3,-21.9,-8.2,27.4,-15.6,10.1,-7.7,4.6,,,4.9,6.4,-0.1,-10.6,-13.8,11,13.3,20,13.2,29.5,0.5,2.5,0,,
Packers,@Vikings,11,0,-3.7,12.4,-7.5,13.2,-3.4,3,-6.5,14.9,4.4,-1.3,,,7.5,7.2,-7.4,-4.3,-8.7,11.2,10.8,24.7,1,23.3,-18,-1,0,,
Rams,@Ravens,11,NA,-2.5,-3.9,-1.3,-20.2,-7.3,14.4,-2.5,-3.7,6.1,2.1,,,10.9,11.5,9.4,4.6,21.9,7.1,6.1,-11.1,3.8,-3.8,0,-3,0,,
Cowboys,@Dolphins,11,0,-6.9,-13.5,2.7,-5.8,-7.3,-5.5,-7,-12.5,-2.4,-1.2,,,8.4,8.8,10.1,-0.5,3.5,10.8,10.3,16.8,-4,13.7,-8,2,1.5,,
Redskins,@Panthers,11,1,23.9,-0.8,7.9,1.9,17.3,-3.7,23,-0.8,-2.2,1,,,7,7.4,-4.7,1.7,-8.5,4.5,4.4,-11.8,-9.9,-27,21,-7,-7.5,,
Bengals,@Cardinals,11,0,27,25.6,16.4,18,14.1,5.6,30.2,26.5,-0.3,2.9,,,8.3,7.4,-9.3,5,-6.4,8.6,9,-1.4,2.3,5,-0.5,-3.5,-3.5,,
49ers,@Seahawks,11,1,22.3,-37.2,4.9,-18.7,9.1,-14.5,20,-36.5,6,-3.3,,,11.9,12.7,16.8,16.8,31.9,7,9,-0.4,10.1,6.6,2,-14,-11.5,,
Chiefs,@Chargers,11,0,-17.1,15.9,4.4,8.3,-14.7,2.5,-16.3,14.6,-6,3.8,,,8,8,7,-4.9,-0.6,10.1,9.4,5,-1.3,10.4,-27,3,3.5,,
Bills,@Patriots,11,NA,33.5,12.2,21.8,10.7,4.1,-1.3,34.5,12.3,8.6,2.9,,,11.8,10.8,13.5,3,22.1,9.6,9,-11.2,15.5,10.5,0,-7,-9,,
Eagles,@Lions,12,NA,-16.1,-1.3,-12.7,-10.6,-5.4,10.3,-16.7,-1.4,1.4,-1.1,,,9.2,8.7,-3.8,13.9,4.4,9.7,9.7,1.1,3.3,12.8,NA,NA,NA,,
Panthers,@Cowboys,12,NA,-14.2,31.1,-8.5,9.6,-4.3,23.5,-13.3,29.1,-0.5,-4,,,10.8,10.3,16.8,-4,13.7,7,7.4,-4.7,1.7,-8.5,NA,NA,NA,,
Bears,@Packers,12,NA,9.8,-10.1,13.1,3.5,1.4,-11.2,14.3,-13.8,-0.2,-6.1,,,11.2,10.8,24.7,1,23.3,4.9,6.4,-0.1,-10.6,-13.8,NA,NA,NA,,
Saints,@Texans,12,NA,-9,-19.1,-6.8,9.7,2.8,-25.2,-9.9,-18.4,-5.9,-2.9,,,9.8,6.7,-6.8,6.2,-4.5,7.4,7.6,10.6,-13.1,-0.9,NA,NA,NA,,
Rams,@Bengals,12,NA,30,-6.7,20.8,-22.1,5.4,15.8,29.5,-5.9,3.3,0.4,,,8.6,9,-1.4,2.3,5,7.1,6.1,-11.1,3.8,-3.8,NA,NA,NA,,
Vikings,@Falcons,12,NA,-6.7,-2.9,-1.7,-5.1,-1,-3.2,-5.6,-4.7,-2.9,3.6,,,7.1,7.2,7.2,-15.7,-5.4,7.5,7.2,-7.4,-4.3,-8.7,NA,NA,NA,,
Giants,@Redskins,12,NA,-5.8,1.9,-3.9,0,-6.2,-4,-6,1.8,4.1,5.8,,,4.5,4.4,-11.8,-9.9,-27,7.5,7,-0.3,-4.9,-5.8,NA,NA,NA,,
Buccaneers,@Colts,12,NA,-5.8,-0.2,-7.2,-2.3,0.8,1.3,-6.7,-3.7,-0.3,-2.7,,,10.2,8.8,-1.1,2.3,4.5,4.4,4.1,-26.3,-1.1,-28.3,NA,NA,NA,,
Bills,@Chiefs,12,NA,24.4,8.1,8.8,9.7,7.8,-1.4,20.8,9.7,4.2,1.4,,,10.1,9.4,5,-1.3,10.4,9.6,9,-11.2,15.5,10.5,NA,NA,NA,,
Raiders,@Titans,12,NA,-13.6,-1.9,-12.2,7.2,4.1,-8.5,-12.3,-2.1,-4.2,-0.8,,,3.3,4,-16.4,-11.2,-29.3,3.1,4.8,-19.4,-6.3,-27.4,NA,NA,NA,,
Chargers,@Jaguars,12,NA,-12.3,-19.4,-4.7,1.9,-4.2,-16,-12.2,-19.4,-3.3,-5.3,,,3.6,3.3,-24.3,-1.5,-29.5,8,8,7,-4.9,-0.6,NA,NA,NA,,
Dolphins,@Jets,12,NA,8.2,-5.2,-1.3,0.9,12.7,-6.3,9.2,-7.7,-2.2,-2.3,,,4.8,5.9,-11.2,-3.5,-15.5,8.4,8.8,10.1,-0.5,3.5,NA,NA,NA,,
Cardinals,@49ers,12,NA,-39.3,26.2,-17.4,16.3,-19.3,13.9,-39.6,29.6,-2.9,-0.6,,,7,9,-0.4,10.1,6.6,8.3,7.4,-9.3,5,-6.4,NA,NA,NA,,
Steelers,@Seahawks,12,NA,24.1,14.8,9.5,15.5,7.8,1.3,22.7,15.2,5.4,-1.6,,,11.9,12.7,16.8,16.8,31.9,9.7,9.4,22.5,-11.3,12.1,NA,NA,NA,,
Patriots,@Broncos,12,NA,12.3,32,-16,20.8,24.2,4.3,12.6,33.7,4.4,8.6,,,11,13.3,20,13.2,29.5,11.8,10.8,13.5,3,22.1,NA,NA,NA,,
Ravens,@Browns,12,NA,-21.3,-5,-12.9,-3.2,-13.1,-7,-21.6,-5,4.4,5.2,,,6.9,7.2,-10.2,3,-6.7,10.9,11.5,9.4,4.6,21.9,NA,NA,NA,,
Packers,@Lions,13,NA,,,,,,,,,,,,,9.2,8.7,-3.8,13.9,4.4,11.2,10.8,24.7,1,23.3,NA,NA,,,
Jets,@Giants,13,NA,,,,,,,,,,,,,7.5,7,-0.3,-4.9,-5.8,4.8,5.9,-11.2,-3.5,-15.5,NA,NA,,,
Cardinals,@Rams,13,NA,,,,,,,,,,,,,7.1,6.1,-11.1,3.8,-3.8,8.3,7.4,-9.3,5,-6.4,NA,NA,,,
Falcons,@Buccaneers,13,NA,,,,,,,,,,,,,4.4,4.1,-26.3,-1.1,-28.3,7.1,7.2,7.2,-15.7,-5.4,NA,NA,,,
Panthers,@Saints,13,NA,,,,,,,,,,,,,7.4,7.6,10.6,-13.1,-0.9,7,7.4,-4.7,1.7,-8.5,NA,NA,,,
Seahawks,@Vikings,13,NA,,,,,,,,,,,,,7.5,7.2,-7.4,-4.3,-8.7,11.9,12.7,16.8,16.8,31.9,NA,NA,,,
Texans,@Bills,13,NA,,,,,,,,,,,,,9.6,9,-11.2,15.5,10.5,9.8,6.7,-6.8,6.2,-4.5,NA,NA,,,
Ravens,@Dolphins,13,NA,,,,,,,,,,,,,8.4,8.8,10.1,-0.5,3.5,10.9,11.5,9.4,4.6,21.9,NA,NA,,,
Bengals,@Browns,13,NA,,,,,,,,,,,,,6.9,7.2,-10.2,3,-6.7,8.6,9,-1.4,2.3,5,NA,NA,,,
Jaguars,@Titans,13,NA,,,,,,,,,,,,,3.3,4,-16.4,-11.2,-29.3,3.6,3.3,-24.3,-1.5,-29.5,NA,NA,,,
49ers,@Bears,13,NA,,,,,,,,,,,,,4.9,6.4,-0.1,-10.6,-13.8,7,9,-0.4,10.1,6.6,NA,NA,,,
Broncos,@Chargers,13,NA,,,,,,,,,,,,,8,8,7,-4.9,-0.6,11,13.3,20,13.2,29.5,NA,NA,,,
Chiefs,@Raiders,13,NA,,,,,,,,,,,,,3.1,4.8,-19.4,-6.3,-27.4,10.1,9.4,5,-1.3,10.4,NA,NA,,,
Eagles,@Patriots,13,NA,,,,,,,,,,,,,11.8,10.8,13.5,3,22.1,9.7,9.7,1.1,3.3,12.8,NA,NA,,,
Colts,@Steelers,13,NA,,,,,,,,,,,,,9.7,9.4,22.5,-11.3,12.1,10.2,8.8,-1.1,2.3,4.5,NA,NA,,,
Cowboys,@Redskins,13,NA,,,,,,,,,,,,,4.5,4.4,-11.8,-9.9,-27,10.8,10.3,16.8,-4,13.7,NA,NA,,,
Vikings,@Cardinals,14,NA,,,,,,,,,,,,,8.3,7.4,-9.3,5,-6.4,7.5,7.2,-7.4,-4.3,-8.7,NA,NA,,,
Bills,@Eagles,14,NA,,,,,,,,,,,,,9.7,9.7,1.1,3.3,12.8,9.6,9,-11.2,15.5,10.5,NA,NA,,,
49ers,@Browns,14,NA,,,,,,,,,,,,,6.9,7.2,-10.2,3,-6.7,7,9,-0.4,10.1,6.6,NA,NA,,,
Lions,@Rams,14,NA,,,,,,,,,,,,,7.1,6.1,-11.1,3.8,-3.8,9.2,8.7,-3.8,13.9,4.4,NA,NA,,,
Saints,@Buccaneers,14,NA,,,,,,,,,,,,,4.4,4.1,-26.3,-1.1,-28.3,7.4,7.6,10.6,-13.1,-0.9,NA,NA,,,
Titans,@Jets,14,NA,,,,,,,,,,,,,4.8,5.9,-11.2,-3.5,-15.5,3.3,4,-16.4,-11.2,-29.3,NA,NA,,,
Steelers,@Bengals,14,NA,,,,,,,,,,,,,8.6,9,-1.4,2.3,5,9.7,9.4,22.5,-11.3,12.1,NA,NA,,,
Patriots,@Texans,14,NA,,,,,,,,,,,,,9.8,6.7,-6.8,6.2,-4.5,11.8,10.8,13.5,3,22.1,NA,NA,,,
Colts,@Jaguars,14,NA,,,,,,,,,,,,,3.6,3.3,-24.3,-1.5,-29.5,10.2,8.8,-1.1,2.3,4.5,NA,NA,,,
Chargers,@Chiefs,14,NA,,,,,,,,,,,,,10.1,9.4,5,-1.3,10.4,8,8,7,-4.9,-0.6,NA,NA,,,
Redskins,@Bears,14,NA,,,,,,,,,,,,,4.9,6.4,-0.1,-10.6,-13.8,4.5,4.4,-11.8,-9.9,-27,NA,NA,,,
Falcons,@Panthers,14,NA,,,,,,,,,,,,,7,7.4,-4.7,1.7,-8.5,7.1,7.2,7.2,-15.7,-5.4,NA,NA,,,
Raiders,@Broncos,14,NA,,,,,,,,,,,,,11,13.3,20,13.2,29.5,3.1,4.8,-19.4,-6.3,-27.4,NA,NA,,,
Cowboys,@Packers,14,NA,,,,,,,,,,,,,11.2,10.8,24.7,1,23.3,10.8,10.3,16.8,-4,13.7,NA,NA,,,
Seahawks,@Ravens,14,NA,,,,,,,,,,,,,10.9,11.5,9.4,4.6,21.9,11.9,12.7,16.8,16.8,31.9,NA,NA,,,
Giants,@Dolphins,14,NA,,,,,,,,,,,,,8.4,8.8,10.1,-0.5,3.5,7.5,7,-0.3,-4.9,-5.8,NA,NA,,,
Buccaneers,@Rams,15,NA,,,,,,,,,,,,,7.1,6.1,-11.1,3.8,-3.8,4.4,4.1,-26.3,-1.1,-28.3,NA,NA,,,
Jets,@Cowboys,15,NA,,,,,,,,,,,,,10.8,10.3,16.8,-4,13.7,4.8,5.9,-11.2,-3.5,-15.5,NA,NA,,,
Bears,@Vikings,15,NA,,,,,,,,,,,,,7.5,7.2,-7.4,-4.3,-8.7,4.9,6.4,-0.1,-10.6,-13.8,NA,NA,,,
Falcons,@Jaguars,15,NA,,,,,,,,,,,,,3.6,3.3,-24.3,-1.5,-29.5,7.1,7.2,7.2,-15.7,-5.4,NA,NA,,,
Texans,@Colts,15,NA,,,,,,,,,,,,,10.2,8.8,-1.1,2.3,4.5,9.8,6.7,-6.8,6.2,-4.5,NA,NA,,,
Cardinals,@Eagles,15,NA,,,,,,,,,,,,,9.7,9.7,1.1,3.3,12.8,8.3,7.4,-9.3,5,-6.4,NA,NA,,,
Panthers,@Giants,15,NA,,,,,,,,,,,,,7.5,7,-0.3,-4.9,-5.8,7,7.4,-4.7,1.7,-8.5,NA,NA,,,
Titans,@Patriots,15,NA,,,,,,,,,,,,,11.8,10.8,13.5,3,22.1,3.3,4,-16.4,-11.2,-29.3,NA,NA,,,
Bills,@Redskins,15,NA,,,,,,,,,,,,,4.5,4.4,-11.8,-9.9,-27,9.6,9,-11.2,15.5,10.5,NA,NA,,,
Chiefs,@Ravens,15,NA,,,,,,,,,,,,,10.9,11.5,9.4,4.6,21.9,10.1,9.4,5,-1.3,10.4,NA,NA,,,
Browns,@Seahawks,15,NA,,,,,,,,,,,,,11.9,12.7,16.8,16.8,31.9,6.9,7.2,-10.2,3,-6.7,NA,NA,,,
Packers,@Raiders,15,NA,,,,,,,,,,,,,3.1,4.8,-19.4,-6.3,-27.4,11.2,10.8,24.7,1,23.3,NA,NA,,,
Broncos,@Steelers,15,NA,,,,,,,,,,,,,9.7,9.4,22.5,-11.3,12.1,11,13.3,20,13.2,29.5,NA,NA,,,
Dolphins,@Chargers,15,NA,,,,,,,,,,,,,8,8,7,-4.9,-0.6,8.4,8.8,10.1,-0.5,3.5,NA,NA,,,
Bengals,@49ers,15,NA,,,,,,,,,,,,,7,9,-0.4,10.1,6.6,8.6,9,-1.4,2.3,5,NA,NA,,,
Lions,@Saints,15,NA,,,,,,,,,,,,,7.4,7.6,10.6,-13.1,-0.9,9.2,8.7,-3.8,13.9,4.4,NA,NA,,,
Chargers,@Raiders,16,NA,,,,,,,,,,,,,3.1,4.8,-19.4,-6.3,-27.4,8,8,7,-4.9,-0.6,NA,NA,,,
Redskins,@Eagles,16,NA,,,,,,,,,,,,,9.7,9.7,1.1,3.3,12.8,4.5,4.4,-11.8,-9.9,-27,NA,NA,,,
Patriots,@Jets,16,NA,,,,,,,,,,,,,4.8,5.9,-11.2,-3.5,-15.5,11.8,10.8,13.5,3,22.1,NA,NA,,,
Texans,@Titans,16,NA,,,,,,,,,,,,,3.3,4,-16.4,-11.2,-29.3,9.8,6.7,-6.8,6.2,-4.5,NA,NA,,,
Browns,@Chiefs,16,NA,,,,,,,,,,,,,10.1,9.4,5,-1.3,10.4,6.9,7.2,-10.2,3,-6.7,NA,NA,,,
Colts,@Dolphins,16,NA,,,,,,,,,,,,,8.4,8.8,10.1,-0.5,3.5,10.2,8.8,-1.1,2.3,4.5,NA,NA,,,
Jaguars,@Saints,16,NA,,,,,,,,,,,,,7.4,7.6,10.6,-13.1,-0.9,3.6,3.3,-24.3,-1.5,-29.5,NA,NA,,,
49ers,@Lions,16,NA,,,,,,,,,,,,,9.2,8.7,-3.8,13.9,4.4,7,9,-0.4,10.1,6.6,NA,NA,,,
Cowboys,@Bills,16,NA,,,,,,,,,,,,,9.6,9,-11.2,15.5,10.5,10.8,10.3,16.8,-4,13.7,NA,NA,,,
Bears,@Buccaneers,16,NA,,,,,,,,,,,,,4.4,4.1,-26.3,-1.1,-28.3,4.9,6.4,-0.1,-10.6,-13.8,NA,NA,,,
Panthers,@Falcons,16,NA,,,,,,,,,,,,,7.1,7.2,7.2,-15.7,-5.4,7,7.4,-4.7,1.7,-8.5,NA,NA,,,
Giants,@Vikings,16,NA,,,,,,,,,,,,,7.5,7.2,-7.4,-4.3,-8.7,7.5,7,-0.3,-4.9,-5.8,NA,NA,,,
Rams,@Seahawks,16,NA,,,,,,,,,,,,,11.9,12.7,16.8,16.8,31.9,7.1,6.1,-11.1,3.8,-3.8,NA,NA,,,
Packers,@Cardinals,16,NA,,,,,,,,,,,,,8.3,7.4,-9.3,5,-6.4,11.2,10.8,24.7,1,23.3,NA,NA,,,
Steelers,@Ravens,16,NA,,,,,,,,,,,,,10.9,11.5,9.4,4.6,21.9,9.7,9.4,22.5,-11.3,12.1,NA,NA,,,
Bengals,@Broncos,16,NA,,,,,,,,,,,,,11,13.3,20,13.2,29.5,8.6,9,-1.4,2.3,5,NA,NA,,,
Jets,@Bills,17,NA,,,,,,,,,,,,,9.6,9,-11.2,15.5,10.5,4.8,5.9,-11.2,-3.5,-15.5,NA,NA,,,
Patriots,@Dolphins,17,NA,,,,,,,,,,,,,8.4,8.8,10.1,-0.5,3.5,11.8,10.8,13.5,3,22.1,NA,NA,,,
Buccaneers,@Panthers,17,NA,,,,,,,,,,,,,7,7.4,-4.7,1.7,-8.5,4.4,4.1,-26.3,-1.1,-28.3,NA,NA,,,
Saints,@Falcons,17,NA,,,,,,,,,,,,,7.1,7.2,7.2,-15.7,-5.4,7.4,7.6,10.6,-13.1,-0.9,NA,NA,,,
Ravens,@Bengals,17,NA,,,,,,,,,,,,,8.6,9,-1.4,2.3,5,10.9,11.5,9.4,4.6,21.9,NA,NA,,,
Steelers,@Browns,17,NA,,,,,,,,,,,,,6.9,7.2,-10.2,3,-6.7,9.7,9.4,22.5,-11.3,12.1,NA,NA,,,
Jaguars,@Texans,17,NA,,,,,,,,,,,,,9.8,6.7,-6.8,6.2,-4.5,3.6,3.3,-24.3,-1.5,-29.5,NA,NA,,,
Titans,@Colts,17,NA,,,,,,,,,,,,,10.2,8.8,-1.1,2.3,4.5,3.3,4,-16.4,-11.2,-29.3,NA,NA,,,
Raiders,@Chiefs,17,NA,,,,,,,,,,,,,10.1,9.4,5,-1.3,10.4,3.1,4.8,-19.4,-6.3,-27.4,NA,NA,,,
Redskins,@Cowboys,17,NA,,,,,,,,,,,,,10.8,10.3,16.8,-4,13.7,4.5,4.4,-11.8,-9.9,-27,NA,NA,,,
Eagles,@Giants,17,NA,,,,,,,,,,,,,7.5,7,-0.3,-4.9,-5.8,9.7,9.7,1.1,3.3,12.8,NA,NA,,,
Lions,@Bears,17,NA,,,,,,,,,,,,,4.9,6.4,-0.1,-10.6,-13.8,9.2,8.7,-3.8,13.9,4.4,NA,NA,,,
Vikings,@Packers,17,NA,,,,,,,,,,,,,11.2,10.8,24.7,1,23.3,7.5,7.2,-7.4,-4.3,-8.7,NA,NA,,,
Chargers,@Broncos,17,NA,,,,,,,,,,,,,11,13.3,20,13.2,29.5,8,8,7,-4.9,-0.6,NA,NA,,,
Seahawks,@Cardinals,17,NA,,,,,,,,,,,,,8.3,7.4,-9.3,5,-6.4,11.9,12.7,16.8,16.8,31.9,NA,NA,,,
Rams,@49ers,17,NA,,,,,,,,,,,,,7,9,-0.4,10.1,6.6,7.1,6.1,-11.1,3.8,-3.8,NA,NA,,,
,,,,,,,,,,,,,,,,,,,,,,,,,,,,,,
Giants,@Redskins,-4,0,2.7,-15,13.9,-14.2,20.1,-3.2,17,-26.5,-17,-9.1,,,,,,,,,,,,,-34,-3,,,
Packers,@Bears,-4,0,15.9,8.4,5.4,-4.5,19.9,-2.2,24.3,-0.1,-1,6.6,,,,,,,,,,,,,-20,1,,,
Titans,@Colts,-4,1,-4.5,-13.6,1.3,-13.7,-13.4,0.4,-8.2,-23.2,3.9,-9.9,,,,,,,,,,,,,17,-7,,,
Dolphins,@Raiders,-4,0,-21.1,-9.4,-25,-4.3,-0.1,6.8,-24.7,-13.9,0.4,-16.4,,,,,,,,,,,,,-20,4,,,
Lions,@Jets,-4,0,-7.1,2.6,-17.7,0.7,6.4,24.7,-12.3,14.2,-1,-11.2,,,,,,,,,,,,,-9,-2,,,
Buccaneers,@Steelers,-4,0,8.6,-29.8,21.9,-38.6,-12.6,-12.8,14.9,-65.3,5.6,-13.9,,,,,,,,,,,,,-10,-7,,,
Panthers,@Ravens,-4,1,-2,1.7,2.2,4.4,0.4,2,2.5,1.8,-0.1,-4.6,,,,,,,,,,,,,25,-3,,,
Bills,@Texans,-4,1,-10,8.8,0,5.6,-6.1,2.3,-11.1,21.9,-5,14,,,,,,,,,,,,,3.5,-2.5,,,
Jaguars,@Chargers,-4,1,3.1,-31.3,-1.8,-34,-5.6,-13.9,-6.3,-52.6,1.1,-4.7,,,,,,,,,,,,,8,-11,,,
Falcons,@Vikings,-4,1,-16.3,13.9,-29.2,22.3,-4.5,-1.2,-35,35.8,-1.3,14.7,,,,,,,,,,,,,18.5,5.5,,,
Eagles,@49ers,-4,1,4.9,12.1,5.4,5.1,-4.8,7,-1.9,20.9,-2.5,8.8,,,,,,,,,,,,,1.5,-3.5,,,
Saints,@Cowboys,-4,1,-5.2,11.7,3.3,24.6,-8.5,-15.4,-2.1,10.8,3.1,1.6,,,,,,,,,,,,,24,3,,,
Patriots,@Chiefs,-4,1,-15.6,17.4,-11.5,-8.3,-13.8,27.1,-25.8,21.5,-0.5,2.7,,,,,,,,,,,,,30,3,,,
Colts,@Texans,-6,0,-9.4,2.7,-9.4,3.5,2.8,-3.1,-9.5,4.1,-2.9,3.7,,,,,,,,,,,,,-2.5,2.5,,,
Bears,@Falcons,-6,0,12.5,3,22.1,2.2,-12.7,4.1,18.7,0.8,9.3,-5.5,,,,,,,,,,,,,-17,-3,,,
Patriots,@Bills,-6,0,2.6,8.9,-17.4,-5.4,13.8,6.5,4.4,6.7,8,5.6,,,,,,,,,,,,,-16,-1,,,
Panthers,@Bengals,-6,0,13.3,-5.5,14.4,1,7.2,-10.1,19.5,-7.9,-2.1,1.2,,,,,,,,,,,,,-7,-7,,,
Steelers,@Browns,-6,1,-4.1,5.5,21.2,10.9,-17.9,-6.3,2.2,6.5,-1.1,1.9,,,,,,,,,,,,,18.5,-2.5,,,
Jaguars,@Titans,-6,0,-17.9,-39.9,-8.4,-35.5,-7.1,-12.8,-21.6,-49.2,-6.1,-0.9,,,,,,,,,,,,,-2,-4,,,
Packers,@Dolphins,-6,0,-4.3,25.8,-0.7,18.1,8.7,6.4,-2.9,29.3,-10.9,4.8,,,,,,,,,,,,,-1.5,1.5,,,
Lions,@Vikings,-6,0,-20.6,4.5,-20.1,-3.9,-8.4,22.6,-27.2,9.2,1.3,-9.5,,,,,,,,,,,,,-15,-1,,,
Broncos,@Jets,-6,0,-18.3,34.5,-24.9,26.3,-1.7,15.6,-23.6,41.3,3,-0.6,,,,,,,,,,,,,-4.5,9.5,,,
Ravens,@Buccaneers,-6,0,-29.4,15.2,-26.3,10.8,-7.8,10.2,-40.1,22.6,-6,1.6,,,,,,,,,,,,,-28,3,,,
Chargers,@Raiders,-6,1,-27.2,14.7,-31.2,9,-6.7,5.6,-33.3,15.7,4.6,1.1,,,,,,,,,,,,,4,7,,,
Redskins,@Cardinals,-6,1,-1.5,-8.3,-8.2,2.9,6.7,-1.1,0.4,-8.1,1.9,-9.9,,,,,,,,,,,,,5,-5,,,
Cowboys,@Seahawks,-6,0,29.4,2.6,23.8,11.1,12,-7.4,38.5,5.8,2.7,2.1,,,,,,,,,,,,,-17,-10,,,
Giants,@Eagles,-6,1,5.6,6.2,-5.5,3.2,1,8.8,5.6,9.8,10.1,-2.2,,,,,,,,,,,,,25.5,-1.5,,,
49ers,@Rams,-6,0,-16,5.5,-7.8,0.5,-12.9,9.9,-25.7,4.1,-5,-6.3,,,,,,,,,,,,,-11,3,,,
Chargers,@Broncos,-8,1,44.2,13.2,31.4,15.7,18.2,-4.7,48.7,13.2,-0.9,2.2,,,,,,,,,,,,,5,-9,,,
Lions,@Falcons,-8,1,-2.6,4,7.6,-11.3,-16,24.9,-1.8,5.2,6.6,-8.4,,,,,,,,,,,,,2,3,,,
Ravens,@Bengals,-8,1,2.2,26.1,1.9,16.2,-1.7,8.8,2.7,28.5,2.5,3.5,,,,,,,,,,,,,6,3,,,
Texans,@Titans,-8,0,-13.3,-9.1,-5.2,-4.9,-5.3,0.3,-14.1,-9.2,-3.6,-4.6,,,,,,,,,,,,,-11,3,,,
Rams,@Chiefs,-8,1,7.2,-12.9,6.6,-4.6,1.4,-12.2,9.9,-15.7,1.9,1.1,,,,,,,,,,,,,19.5,-7.5,,,
Bears,@Patriots,-8,1,6.2,-1.4,1.8,1.5,-0.1,1.8,5.7,-1.9,4,-5.2,,,,,,,,,,,,,22.5,-5.5,,,
Bills,@Jets,-8,0,-13.7,-1,-16.2,-16.5,-2.3,10.5,-14.7,-0.4,3.8,5.6,,,,,,,,,,,,,-23,-3,,,
Vikings,@Buccaneers,-8,0,-39.3,-23.7,-25.8,-29.8,-15,-2.8,-49,-29.2,-8.2,3.4,,,,,,,,,,,,,-7,-1,,,
Seahawks,@Panthers,-8,1,-11.4,21,2.3,15.5,-14,8.1,-12.4,22.7,-0.7,-0.9,,,,,,,,,,,,,2,6,,,
Dolphins,@Jaguars,-8,0,-27.9,4.8,-28.7,5.6,1.4,11.1,-29.8,6.8,-2.5,-9.9,,,,,,,,,,,,,-7,7,,,
Eagles,@Cardinals,-8,1,-0.5,12.6,-11.2,-2.9,10,6.3,0.6,14.5,1.8,11.1,,,,,,,,,,,,,5,1,,,
Raiders,@Browns,-8,1,-3.4,-21.4,5.4,-16,-5.8,-8.4,-0.9,-22.3,-0.5,2.1,,,,,,,,,,,,,3.5,-6.5,,,
Colts,@Steelers,-8,1,2,18.1,5.6,8.7,-7.4,5.6,2.2,19.4,4,5.1,,,,,,,,,,,,,21.5,4.5,,,
Packers,@Saints,-8,1,-1.5,25.6,11.8,19.9,-17.7,4.4,-4.6,26.1,1.3,1.8,,,,,,,,,,,,,19,-2,,,
Redskins,@Cowboys,-8,0,12.2,-10.7,16.5,-3,-1.3,-0.3,13.7,-10.3,-1.5,-7,,,,,,,,,,,,,-12,-9,,,
Saints,@Panthers,-9,0,-14.7,5.9,-2.7,18,-11.1,-13.7,-14.8,5.5,-1,1.2,,,,,,,,,,,,,-15,3,,,
Jaguars,@Bengals,-9,NA,6,-25.5,0.3,-27.1,3.1,3.9,6.7,-26.1,3.3,-2.9,,,,,,,,,,,,,0,-10,,,
Buccaneers,@Browns,-9,0,-0.5,-43.7,2.9,-26.5,-3.4,-12.8,-0.3,-43.9,0.2,-4.6,,,,,,,,,,,,,-2,-7,,,
Cardinals,@Cowboys,-9,0,8.5,-1.2,12.9,-10.3,-2.9,8.1,8.5,-1,-1.5,1.2,,,,,,,,,,,,,-12,-1,,,
Jets,@Chiefs,-9,1,15.2,-19.2,5.1,-21.3,5.2,-1.3,15.1,-19.2,4.8,3.4,,,,,,,,,,,,,5,-9,,,
Chargers,@Dolphins,-9,1,9,8.8,5.2,16.6,11.9,-9.2,8.8,8.8,-8.3,1.4,,,,,,,,,,,,,34,-3,,,
Redskins,@Vikings,-9,1,-24.5,-6.5,-27.7,-2.2,0.9,1.2,-24.4,-6.5,2.4,-5.5,,,,,,,,,,,,,4,1,,,
Eagles,@Texans,-9,0,-4.8,12.4,-2.5,-3.7,2.5,6,-4.8,12.4,-4.8,10.1,,,,,,,,,,,,,-7.5,2.5,,,
Rams,@49ers,-9,0,-3.7,-24.3,-3.1,-8.6,4.4,-14,-3.6,-24.6,-4.9,-2,,,,,,,,,,,,,-13,-10,,,
Broncos,@Patriots,-9,1,7.3,47.7,7.5,31.8,-5.4,17.5,7,47.6,4.9,-1.7,,,,,,,,,,,,,25,3,,,
Raiders,@Seahawks,-9,0,18.2,-19,8.3,-16,10.2,-6.4,18.8,-19.4,0.3,3,,,,,,,,,,,,,-7,-13,,,
Ravens,@Steelers,-9,1,10.2,26.1,15.9,11.3,-8.4,10.7,10,26,2.5,4,,,,,,,,,,,,,18,-2,,,
Colts,@Giants,-9,0,-4.9,11,-2.3,9.7,-0.3,-3.7,-4.6,11,-2,5,,,,,,,,,,,,,-13,3,,,
Titans,@Jaguars,-16,1,-26.1,-35.9,-26.3,-17.1,-0.1,-11,-30.5,-30.1,-4.1,-2,,,,,,,,,,,,,4,-4,,,
Chargers,@49ers,-16,0,1.1,3.6,-5.2,10,11.6,-4.4,2.3,3.9,-4.1,-1.7,,,,,,,,,,,,,-5,-2,,,
Eagles,@Redskins,-16,1,-36.4,14.9,-12.2,-2.2,-9.3,5.4,-27.5,12.3,-6,9.1,,,,,,,,,,,,,10,7,,,
Lions,@Bears,-16,1,-22.9,4.3,1.1,-3.9,-11.7,15.6,-13.9,6.9,-3.3,-4.8,,,,,,,,,,,,,4,10,,,
Vikings,@Dolphins,-16,0,7,-5.7,7,-8.8,4.9,-2.2,8.3,-9.3,-3.6,1.7,,,,,,,,,,,,,-2.5,-4.5,,,
Falcons,@Saints,-16,0,3.8,-6.7,14.3,11.3,-12.7,-17.4,2.2,-2.6,0.6,3.5,,,,,,,,,,,,,-22,-6,,,
Patriots,@Jets,-16,1,-22.3,35.1,-14.4,16.6,-4.7,5.3,-20.2,27.2,-1.1,5.3,,,,,,,,,,,,,8.5,9.5,,,
Chiefs,@Steelers,-16,1,10.4,19.9,22.3,8.2,-13.1,-1.4,9,13.2,-0.2,6.4,,,,,,,,,,,,,5.5,-2.5,,,
Packers,@Buccaneers,-16,0,-24.6,22.2,-25,24.5,-3.7,-0.7,-31.1,21.7,-2.4,-2.1,,,,,,,,,,,,,-6,11,,,
Browns,@Panthers,-16,0,-16.7,-11.3,-7.1,-10.6,-1.7,3.2,-14.5,-7.4,-5.7,0,,,,,,,,,,,,,-2,-6,,,
Ravens,@Texans,-16,1,-3.7,28.6,-4.3,14.6,0.8,3,-7.3,25.1,-3.8,7.5,,,,,,,,,,,,,17.5,5.5,,,
Giants,@Rams,-16,0,7.2,-5.3,-10.6,-6.3,6.2,-1.9,-1.5,-7.4,2.9,0.8,,,,,,,,,,,,,-16.5,-6.5,,,
Colts,@Cowboys,-16,1,8.9,8.9,14.9,2.7,-9.2,2.1,6.7,9,1,4.2,,,,,,,,,,,,,32,-3,,,
Bills,@Raiders,-16,1,-28.2,14,-20.6,-11.9,-5.4,16.6,-27.1,11.5,-1.1,6.8,,,,,,,,,,,,,9,7,,,
Seahawks,@Cardinals,-16,0,-1.5,23.1,-10.1,14.8,11.5,11.9,-1.1,25.4,-2.5,-1.3,,,,,,,,,,,,,-10,9,,,
Broncos,@Bengals,-16,1,-1.9,30,-1.7,23.4,0.2,13.6,3.7,33.2,5.2,-3.8,,,,,,,,,,,,,12.5,3.5,,,